,DATE,excess,term_spread,real_yield,inv_wealth,rolling_6m,momentum,index,intercept,term_spread_b1,real_yield_b2,inv_wealth_b3,momentum_b4,r_squared,expected_excess
12,2003-01-01,2.898095238095238,1.8823809523809525,0.2948809523809523,0.118736533139975,1.2638313928761298,1,2003-01-01,1.44810585037974,0.9204690748150276,-0.06794725217119407,-2.867110555022286,0.060752017394893,0.9946366448976042,2.8810642035978726
13,2003-02-01,2.727368421052632,1.7278947368421056,-0.2482052631578946,0.1187113652945151,0.9226994303941672,1,2003-02-01,1.3920261349767316,0.9324581602804793,-0.07407529976073235,-2.4871389786026157,0.05981501442164261,0.9946037050114657,2.7861649123159773
14,2003-03-01,2.6504761904761907,1.653809523809524,-0.2413904761904759,0.1159547051453379,0.623490977443609,1,2003-03-01,1.5027570864186393,0.9090354296362491,-0.05909252972111312,-3.2998661263759743,0.06476031278016664,0.9939214157318795,2.7025182203971823
15,2003-04-01,2.82047619047619,1.7985714285714285,0.7534714285714283,0.106535593633669,0.3462592314118631,-1,2003-04-01,1.4541003519221412,0.9073012740372279,-0.05295457020228639,-2.976099323955932,0.06603585694740033,0.993375702284561,2.6629503797144456
16,2003-05-01,2.506666666666667,1.4457142857142855,0.6215142857142855,0.1012381311286684,0.3188378028404344,-1,2003-05-01,1.873867008221028,0.8356244055984072,-0.05292781130424892,-5.154922209359192,0.035815933520587984,0.9890653607523724,2.491355133939194
17,2003-06-01,2.376190476190476,1.3457142857142856,0.3169142857142855,0.1000942515585059,0.2888840434419382,-1,2003-06-01,1.9304255011839007,0.8280482639788362,-0.05141646060351923,-5.525083915405167,0.035622172385522566,0.9897978075775714,2.4397959566990712
18,2003-07-01,3.098636363636364,1.9722727272727272,0.816672727272727,0.0986466495802426,0.2495308688387635,-1,2003-07-01,1.7788225467895735,0.8473582887560833,-0.05495793093486698,-4.51980596651298,0.035823086260811876,0.989981539077216,2.9234747449797336
19,2003-08-01,3.5176190476190468,2.42,1.1538999999999997,0.097223029655151,0.3364961646540593,-1,2003-08-01,2.0406822900691424,0.8488147984858153,-0.05905139987923594,-6.72599164346412,0.040262883146758965,0.9821506257086177,3.3324905239245948
20,2003-09-01,3.380476190476191,2.2447619047619045,0.8064619047619046,0.0985585017213435,0.570180375180375,-1,2003-09-01,2.2177082353182063,0.8809461509287856,-0.07048069042544827,-8.649780560901402,0.0484863012061898,0.9763618024852431,3.2373868897133
21,2003-10-01,3.4009090909090904,2.265909090909091,1.144009090909091,0.0940814121395871,0.7448224386724385,-1,2003-10-01,2.255507383929543,0.9012101646334201,-0.08095518325855855,-9.16175410653901,0.0468374102394159,0.9728733284326395,3.296166048929819
22,2003-11-01,3.376111111111112,2.357222222222222,1.3588222222222224,0.0940739494347861,0.8099120490620488,-1,2003-11-01,2.47252695521727,0.8981487911543541,-0.07727470475486117,-11.057803156274495,0.0588374665376572,0.9719629018402376,3.3855719770309296
23,2003-12-01,3.395454545454545,2.368636363636364,1.2334363636363634,0.0905760668821966,0.9327967051467052,-1,2003-12-01,2.455891961930432,0.8983272661108834,-0.07761335403678613,-10.9105703803803,0.0578500671326333,0.9730422345726298,3.441884838085083
24,2004-01-01,3.322,2.2415000000000003,1.0952000000000002,0.090134033621212,1.085550384800385,-1,2004-01-01,2.3643165997217475,0.9000755154148434,-0.0797805647691833,-10.10446099685636,0.051890832521111874,0.9736627330079685,3.331813533252921
25,2004-02-01,3.1847368421052624,2.137894736842105,1.3793947368421051,0.0901421765305543,1.1319715969215969,-1,2004-02-01,2.346588466437108,0.9008581840988419,-0.0802948905296966,-9.955022013736905,0.05083543227301107,0.9742343623714537,3.2135673034703447
26,2004-03-01,2.880869565217392,1.8469565217391304,1.04685652173913,0.0924771967087646,1.1695540530619477,1,2004-03-01,2.2882431527965235,0.9060395514406376,-0.08308130569383598,-9.494816710277732,0.04764079493509343,0.9742321647901163,3.0442713668882853
27,2004-04-01,3.4552380952380948,2.44952380952381,1.0969238095238096,0.0946508280956807,1.209619822558152,1,2004-04-01,1.9088057143751351,0.9328493455409452,-0.1015213008230684,-6.349982878968383,0.014143391121538174,0.9715584996629255,3.495593518163517
28,2004-05-01,3.8295,2.8305,0.9527,0.0941686970357222,1.2017722756606053,1,2004-05-01,1.880903255279447,0.9272356709579717,-0.10105453161646807,-6.005447830917454,0.00876287693665423,0.9724819529532197,3.8524068492381303
29,2004-06-01,3.71,2.659047619047619,0.7613476190476192,0.0932541682026361,1.134085238623568,1,2004-06-01,1.8829169334096338,0.9215883589469148,-0.09953933077153868,-5.940732233329594,0.006899713122774473,0.9757619817282527,3.7105819027139604
30,2004-07-01,3.333333333333334,2.358571428571428,0.7489714285714282,0.0969089028106657,1.0554037811921109,1,2004-07-01,1.882842756578079,0.9215055603775371,-0.09951695541114872,-5.938855272785241,0.006862054107358906,0.9775722974091855,3.4130781919632778
31,2004-08-01,2.9363636363636365,1.9945454545454544,0.9271454545454544,0.0970189696612053,0.9976990192873488,1,2004-08-01,1.8557491667196129,0.9182468871671952,-0.09895139222553875,-5.649173612727726,0.0023276089326302596,0.9767940227170041,3.0497425937351195
32,2004-09-01,2.6047619047619044,1.7052380952380952,0.816038095238095,0.0965070316188099,0.9223241389045737,1,2004-09-01,1.741428821622534,0.9331389227287352,-0.10597700679811406,-4.811933218699069,-0.005717110212966725,0.9749057770806666,2.7760690845448828
33,2004-10-01,2.5009999999999994,1.5875,0.1566,0.0956559254441812,0.8838544011544012,1,2004-10-01,1.5384509118709453,0.966595178664116,-0.11967355015487305,-3.4331951255159154,-0.016836179439324514,0.971801847505295,2.7089382436449756
34,2004-11-01,2.314,1.455,-0.0966,0.0928911540882284,0.7271337662337661,1,2004-11-01,1.3615962769010317,0.9937689584441016,-0.12674417923269304,-2.260790918944309,-0.025842792072289858,0.9671887685737337,2.5839233294658643
35,2004-12-01,2.3149999999999995,1.4081818181818182,0.2558818181818183,0.0909737746665606,0.5522504329004327,1,2004-12-01,1.127874174486714,1.0308572896072468,-0.13582215248055046,-0.7249939442884514,-0.035980134130862026,0.9606517067288378,2.442818677672556
36,2005-01-01,2.2290000000000005,1.3769999999999998,0.8620999999999999,0.094000817130674,0.4680061327561327,-1,2005-01-01,1.0032772138950605,1.052573237719019,-0.1438113125438425,0.10358904096079868,-0.04119890260100201,0.9616506802485822,2.3796271867872028
37,2005-02-01,1.847368421052632,1.2263157894736842,0.7133157894736843,0.0930311684997029,0.4868608946608946,-1,2005-02-01,0.8976342444994114,1.079337874745219,-0.1512523304335175,0.635052394879386,-0.03724177313151324,0.9623035798145227,2.2096740864692013
38,2005-03-01,1.9000000000000004,1.4254545454545449,0.9586545454545452,0.0953599334561974,0.4512226171489329,-1,2005-03-01,0.6615799367447397,1.1396806017957477,-0.16775914991110813,1.8232301807635105,-0.029600016743500393,0.9559116602489969,2.328782884793424
39,2005-04-01,1.7495238095238088,1.2185714285714289,0.6367714285714285,0.0975851533561143,0.4749920255183413,-1,2005-04-01,0.47018039219689156,1.1900995626529385,-0.18215294291532672,2.7471689930474756,-0.021153780230410937,0.9447532013743779,2.0936486144345436
40,2005-05-01,1.5523809523809522,1.012857142857143,0.9835571428571428,0.0952725506083204,0.5550205969469127,-1,2005-05-01,0.35557675999567195,1.2276855074229527,-0.1887498940453111,3.121322827616453,-0.012760197401074078,0.9424168012604818,1.723537073329479
41,2005-06-01,1.2213636363636362,0.8022727272727268,1.231272727272727,0.0957575343636725,0.7350467874231033,-1,2005-06-01,0.26049022835734054,1.2542907524872655,-0.19859818165967805,3.6057709247307512,-0.011948639816409819,0.9484589763045851,1.3794733394335896
42,2005-07-01,1.1415000000000002,0.7589999999999999,0.9118,0.0931895937518435,0.8976119389382546,-1,2005-07-01,0.17064926467540753,1.2800425234531327,-0.209688013243703,4.0811234618450225,-0.012712108979737444,0.9559303174207807,1.3440383559409192
43,2005-08-01,0.9817391304347832,0.6821739130434783,0.4752739130434782,0.0948225215862167,0.905895272271588,1,2005-08-01,0.07458987123196648,1.3055624600188143,-0.2192883905875183,4.602729826732628,-0.013051397366842965,0.9607543925134354,1.2843795228101693
44,2005-09-01,1.0376190476190472,0.5861904761904757,-0.7356095238095239,0.0947513303719647,0.866221626199887,1,2005-09-01,-0.10389609701102254,1.3421174358637575,-0.23697596719204092,5.794431777850553,-0.028817579532302122,0.9632420248452106,1.3773746803705589
45,2005-10-01,1.0265,0.6185,-0.0216000000000002,0.0968163877646187,0.5838442813225421,1,2005-10-01,-0.2063177771377243,1.362723394459193,-0.23464557814059372,6.320005440412542,-0.03633254415015062,0.9635524773673527,1.2171425400664535
46,2005-11-01,0.6925000000000003,0.5724999999999998,1.1138999999999997,0.0941730286768295,0.4741157098939706,-1,2005-11-01,-0.2715803568520275,1.3777921178245691,-0.23956813350332556,6.699767651555865,-0.04212693636789249,0.9661052417153544,0.9234150342391413
47,2005-12-01,0.8604761904761906,0.5023809523809528,1.053780952380953,0.0948365198108618,0.4958395194177801,-1,2005-12-01,-0.3423865180951656,1.400638631776277,-0.25008881592252663,7.0528473627129005,-0.040710747956436116,0.9688572517341245,0.8073070676488326
48,2006-01-01,0.3879999999999999,0.1054999999999992,0.3266999999999997,0.0932331872812913,0.4662575569358178,1,2006-01-01,-0.3292076590569254,1.396011475661596,-0.2480871552222694,6.993812495123169,-0.041059266141448704,0.9715780828729841,0.3480176420408615
49,2006-02-01,0.2615789473684202,0.1421052631578954,0.933805263157895,0.0938718613709903,0.3687408902691511,-1,2006-02-01,-0.31250679601506826,1.3923544783249355,-0.24610218328871808,6.87988851510972,-0.039416896530684434,0.9750120115121923,0.3407874269756493
50,2006-03-01,0.2556521739130444,0.2060869565217391,1.298186956521739,0.0935575366490001,0.4451627819548872,-1,2006-03-01,-0.32802672295755436,1.3986267195579665,-0.24863586585824085,6.938080433365649,-0.03869905009496836,0.9777897572332555,0.3252449275187594
51,2006-04-01,0.4673684210526314,0.3021052631578955,1.2883052631578953,0.0931905475618923,0.7841288620100976,-1,2006-04-01,-0.3429966435493742,1.4037529463984335,-0.2515195589048957,7.017567350475169,-0.038600590986151664,0.9799429334652408,0.44962207313605673
52,2006-05-01,0.4972727272727271,0.2777272727272732,1.020427272727273,0.0965472674500663,1.0024464058697469,-1,2006-05-01,-0.3396174182437218,1.4026804560748856,-0.2509101493578021,6.99863663347742,-0.03863091918820999,0.9814091674953359,0.5082398019474152
53,2006-06-01,0.4845454545454553,0.2772727272727273,0.8855727272727272,0.096885016766306,0.9868676179909592,1,2006-06-01,-0.34037359113059396,1.403227227232489,-0.2510875288370278,6.997230416182976,-0.03851504503942729,0.9825983961317434,0.4657585226012957
54,2006-07-01,0.2840000000000007,0.0899999999999998,0.9352999999999998,0.0967552882082894,0.9588329138062548,1,2006-07-01,-0.3353216816155072,1.4021703442702242,-0.25025598413534356,6.959263458972851,-0.03772766014517128,0.9836174681403763,0.19242710895218976
55,2006-08-01,-0.2008695652173919,-0.1378260869565215,0.8955739130434783,0.0952657983277294,1.0602662471395885,1,2006-08-01,-0.31302481185964476,1.3970871146754686,-0.2463012519935221,6.794531079363862,-0.034255141812791684,0.9845714469845561,-0.11312955232271252
56,2006-09-01,0.0399999999999991,-0.1425,2.6554,0.0936834265044823,1.053894355453852,-1,2006-09-01,-0.33379374755262037,1.4017905208898584,-0.24983989138321716,6.948943552774417,-0.03724707151207486,0.9858316692809757,-0.508725830236207
57,2006-10-01,-0.1514285714285712,-0.2333333333333334,3.2803666666666667,0.0917396312592488,1.280096529366895,-1,2006-10-01,-0.23349488879496602,1.3694068287683927,-0.21486178156371852,6.160574203683089,-0.032780976473868684,0.9836481005746208,-0.6598987927581655
58,2006-11-01,-0.5352380952380953,-0.3576190476190479,2.6136809523809523,0.091228112715834,1.612106763285024,-1,2006-11-01,-0.12909646563120697,1.3438108841676648,-0.1812066727896667,5.215940100034176,-0.025319635111125498,0.9823911478664858,-0.5821252568459557
59,2006-12-01,-0.2150000000000007,-0.3170000000000001,2.0089999999999995,0.0910823837013782,1.877649043227304,-1,2006-12-01,-0.12225538869559799,1.341855970575525,-0.17930284396603224,5.162434924992088,-0.025067039023023454,0.9838194122302877,-0.41256922720125
60,2007-01-01,-0.0795238095238097,-0.2271428571428577,2.6770571428571426,0.0908376453967156,2.0648869220151824,-1,2007-01-01,-0.1013158433234021,1.3350336882756242,-0.174976239164471,5.0327681723129665,-0.025483409882259882,0.9843890544372098,-0.39033238006311977
61,2007-02-01,-0.3684210526315787,-0.3194736842105268,2.2902263157894733,0.0935797794277914,2.35517977915804,1,2007-02-01,-0.0608741328557898,1.3256907530400774,-0.1642394724234849,4.684605426484489,-0.023602222909368194,0.9842744695793094,-0.4457608840816907
62,2007-03-01,-0.5499999999999998,-0.4590909090909099,1.6827090909090905,0.0933895749497066,2.587621846282372,1,2007-03-01,-0.045471282272032454,1.3235491901927214,-0.16108350239271108,4.537341234215686,-0.020397507260842017,0.9851044838813188,-0.5208144950914997
63,2007-04-01,-0.1971428571428557,-0.2766666666666673,2.0004333333333326,0.0905629899950079,2.425506694767221,1,2007-04-01,-0.04997891426696427,1.3243283425719328,-0.16178166799333124,4.575145766257155,-0.021295563719680964,0.9859741511842893,-0.34696654721909076
64,2007-05-01,0.0254545454545453,-0.0627272727272725,1.957372727272728,0.0889373414162001,2.2121844725449984,1,2007-05-01,-0.0194658289602066,1.321581382567297,-0.15746676393200937,4.278848311070399,-0.01641887413977247,0.9863731371060863,-0.04645565497817253
65,2007-06-01,0.6780952380952376,0.4161904761904758,2.333390476190476,0.0914955584297851,2.1027997683602946,-1,2007-06-01,-0.0035850296011886718,1.3207428812059332,-0.15560281636473222,4.119180524150636,-0.014219442109163684,0.9867521068755698,0.5741196137186291
66,2007-07-01,0.2966666666666668,0.0647619047619043,2.566861904761905,0.095066591984318,2.1568648477253736,-1,2007-07-01,0.004265670938313426,1.3196393698972209,-0.15392429729534216,4.048653585669445,-0.014947957977161079,0.9868356591129429,0.09446527167884122
67,2007-08-01,0.5673913043478258,0.2321739130434776,2.534673913043478,0.0944733043516873,2.138498974709501,-1,2007-08-01,0.002320698986866321,1.3159039774685883,-0.1503955535791917,4.09951987873518,-0.01665616339360813,0.9867997354279879,0.33058694092346375
68,2007-09-01,0.8199999999999998,0.3089473684210522,1.3651473684210522,0.092087725209024,2.1792402409185017,1,2007-09-01,0.00482376422564712,1.3125520712612146,-0.14650340760571812,4.099261893172489,-0.01838257053463176,0.9865584894719459,0.5694436634433978
69,2007-10-01,0.8049999999999993,0.2981818181818183,0.5874818181818182,0.0916684355147337,2.126313287170495,1,2007-10-01,0.04467946490141589,1.3108448081950994,-0.1437467800301166,3.7237403515927356,-0.012428410821560673,0.9862064038399732,0.6800219749453826
70,2007-11-01,0.5145,0.3970000000000002,-0.7063000000000001,0.0963026558560818,1.8908213679785764,1,2007-11-01,0.06300984702225781,1.309841640638476,-0.14421897870423184,3.576529625772419,-0.010331543918720546,0.9862066903826533,1.0189766008056538
71,2007-12-01,1.3095000000000003,0.4874999999999998,-0.6212999999999997,0.0974267527551075,1.4468759134331215,1,2007-12-01,0.04221146141878296,1.3159934919259602,-0.12998114460022234,3.4578804668936645,-0.011780897058878435,0.9845877248617525,1.0896247421186926
72,2008-01-01,1.0623809523809524,0.2304761904761907,-1.314223809523809,0.1033965298053234,0.9544275007347092,1,2008-01-01,0.04775591833363957,1.3136610521738745,-0.13549019843541377,3.5298090068321546,-0.011150003774658598,0.9842719280972598,0.8824079563639062
73,2008-02-01,1.5045000000000002,0.6589999999999998,-1.364,0.1064081387161462,0.3075798816870899,1,2008-02-01,0.029429966695528664,1.3102754769828158,-0.1418770122177656,3.8572585527330197,-0.012435357288913967,0.9841202702565783,1.4844300965465786
74,2008-03-01,2.1745,1.2235000000000005,-1.4913999999999996,0.1063414838055999,-0.3421991038201564,1,2008-03-01,0.027056535567253848,1.3100251173417456,-0.1425379578575053,3.8946524061202488,-0.012582733807033786,0.9841279754623276,2.244033758950407
75,2008-04-01,2.630454545454545,1.5513636363636365,-1.0624363636363636,0.1013633116695848,-0.8182903318903317,1,2008-04-01,0.03238490098350366,1.3102073603084854,-0.1403672573709549,3.8047682381716914,-0.012175864471476727,0.9841118161647819,2.5876122786417413
76,2008-05-01,2.147619047619048,1.4233333333333331,-0.9350666666666668,0.1002634915921283,-1.0932766955266953,-1,2008-05-01,0.033849687468519685,1.310489154129054,-0.14132304338825866,3.802887290957551,-0.012101691468905926,0.9841809175392753,2.424651500008094
77,2008-06-01,2.4090476190476187,1.625238095238095,-1.450761904761905,0.1087236640318884,-1.131404473304473,1,2008-06-01,0.049033489721925894,1.3107349444146186,-0.13250079510718932,3.51445212048554,-0.0034364391029504254,0.9836745108410303,2.7501846325374006
78,2008-07-01,2.43,1.6731818181818183,-2.1943181818181814,0.1088256564583537,-1.269648124098124,1,2008-07-01,0.07865886011029272,1.3101561377741335,-0.12414029012621199,3.09181405270384,-0.002344489898667479,0.9829080593905478,2.8773157885674085
79,2008-08-01,2.2357142857142853,1.4219047619047622,-2.1660952380952376,0.1067634987991467,-1.4163305194805194,1,2008-08-01,0.11370820936684406,1.3093395478811938,-0.1109113545266399,2.558816085552957,0.0008078015514513398,0.9816113535062682,2.489704863968811
80,2008-09-01,2.827619047619048,1.7542857142857144,-2.0690142857142853,0.1156821860948228,-1.550013059163059,1,2008-09-01,0.1265538124862849,1.3095124241070948,-0.1042154621528083,2.330751213636284,0.0022709753795925186,0.9811930515188491,2.911333401779693
81,2008-10-01,3.5504545454545453,2.056363636363636,-1.004736363636364,0.1353516031908076,-1.6462821067821067,-1,2008-10-01,0.1408819016613888,1.3096728351892128,-0.10226359099714241,2.156498250110597,0.00299490269528338,0.9812829436676856,3.2256840367639743
82,2008-11-01,3.436111111111112,2.1016666666666666,1.1917666666666664,0.1416719632217313,-1.63666544011544,-1,2008-11-01,-0.006196748045730671,1.3052424915264016,-0.10850256153861706,3.7781147177566927,-0.008905077892059826,0.9810959604717145,3.1518361594561517
83,2008-12-01,2.387272727272727,1.491818181818182,1.544018181818182,0.1365152184233559,-1.2821932178932176,-1,2008-12-01,-0.13498800773063935,1.301458935738702,-0.10826040836119569,5.136170270009929,-0.01512180991724768,0.9809711977615223,2.35568327280055
84,2009-01-01,2.4695,1.4665,1.7101,0.144373799196838,-0.7830632034632034,-1,2009-01-01,-0.1462175017075098,1.3009277348111992,-0.10816718411145188,5.256598145319787,-0.015658292515290752,0.9809988935891839,2.3511896574502806
85,2009-02-01,2.6526315789473687,1.5715789473684212,1.8630789473684213,0.155984691216836,-0.1323268398268397,-1,2009-02-01,-0.18840958610547853,1.2988624838090277,-0.10769067167401038,5.706056384531164,-0.01732694787569139,0.9809618198038604,2.5596035168342732
86,2009-03-01,2.7231818181818186,1.6059090909090912,2.262409090909092,0.1393400082740376,0.5392021910837701,-1,2009-03-01,-0.22132492093987866,1.2973304253576283,-0.10725781248839145,6.052846985067465,-0.018349517675041702,0.980989689563814,2.481162019665961
87,2009-04-01,2.8323809523809524,1.6980952380952383,2.434395238095238,0.1246385706270449,1.261106087187666,-1,2009-04-01,-0.27408777808832985,1.2953082306640002,-0.10556894340060875,6.602021269893831,-0.020167576073977768,0.9807061779690605,2.5115064975654824
88,2009-05-01,3.1575,1.954,3.1498,0.1165204538066776,1.834294687476267,-1,2009-05-01,-0.31235782530291845,1.2948488750268041,-0.10300663600727318,6.990055666340989,-0.022100813923029684,0.9801295703000554,2.729911846702768
89,2009-06-01,3.6268181818181815,2.525909090909091,3.935109090909091,0.1148478763530786,2.1606335763651554,-1,2009-06-01,-0.34123966882577716,1.2971772680281122,-0.09716541803280528,7.231949848177001,-0.02289504045652918,0.9791252389486248,3.4064247875958027
90,2009-07-01,3.415909090909091,2.2827272727272727,4.421527272727273,0.1062285386605689,2.559148727880307,-1,2009-07-01,-0.3519482715110718,1.30022284676319,-0.09299012586829584,7.280794590884646,-0.022299947772729464,0.9792214574532052,3.0006756212475234
91,2009-08-01,3.4657142857142857,2.400952380952381,4.054752380952381,0.1025013229265082,3.011053273334852,-1,2009-08-01,-0.3535858304347478,1.3052915277161576,-0.08426732278385661,7.189535372258234,-0.020416385411715646,0.9784516382508771,3.1960271154731164
92,2009-09-01,3.3423809523809527,2.249047619047619,3.746947619047619,0.0990693359523045,3.376332178932179,-1,2009-09-01,-0.3477856760434122,1.3091332748595095,-0.07972764886719029,7.066119693869167,-0.019720965880867615,0.9783172546919695,3.017538826412183
93,2009-10-01,3.347619047619048,2.262857142857143,2.556857142857143,0.100959952996102,3.6237552669552655,1,2009-10-01,-0.3351117817837168,1.3132188431519767,-0.07526573332168347,6.877411450943114,-0.019458056567481466,0.9779204915093711,3.118956209975989
94,2009-11-01,3.35,2.180526315789474,0.3159263157894738,0.095934410870336,3.644165584415585,1,2009-11-01,-0.3298322799051135,1.3163823122287388,-0.07202017051902206,6.776994153084059,-0.014383486840531277,0.977858340183751,3.1535843811221427
95,2009-12-01,3.558636363636364,2.290454545454545,-0.4736454545454545,0.094833431276473,3.17185330371383,1,2009-12-01,-0.31676830456693583,1.319439273972209,-0.07230813365829056,6.635389652522138,-0.01221801785656329,0.9778688282621911,3.3566345475363843
96,2010-01-01,3.7105263157894735,2.4242105263157896,-0.1368894736842105,0.0986270047992422,2.437060879471406,1,2010-01-01,-0.30123841586628153,1.3229089868978336,-0.07367016178137817,6.475422894317031,-0.010815278268890838,0.977945129133577,3.5436924318077256
97,2010-02-01,3.634210526315789,2.253684210526316,0.2123842105263156,0.0963034739008718,1.677324755069492,1,2010-02-01,-0.29260569935197656,1.325709379924163,-0.0743816810457909,6.3797170827271765,-0.009428264676623613,0.9781537546089405,3.2842877562179513
98,2010-03-01,3.6126086956521744,2.2830434782608697,0.1468434782608696,0.0918600482771088,1.036930059998481,1,2010-03-01,-0.2722690295938825,1.3307572340394684,-0.07496775349149075,6.157273511943789,-0.006101962543591556,0.9777551473171576,3.314404548567234
99,2010-04-01,3.696363636363636,2.4213636363636364,0.3745636363636366,0.0914715855406681,0.4369127032006895,1,2010-04-01,-0.2481045275199637,1.335367323335317,-0.07558234232673666,5.897139347833336,-0.0035304246465179927,0.9775511892314922,3.49288521505969
100,2010-05-01,3.273000000000001,2.02,0.1764000000000001,0.0996756651508126,0.0731971187851051,-1,2010-05-01,-0.23192460648443153,1.338710214990451,-0.07569015117239733,5.715833099921314,-0.0016484888870846592,0.977653313235921,3.0302962401422415
101,2010-06-01,3.1259090909090905,1.8763636363636365,0.8747636363636364,0.1048170741573661,0.0499427328201928,-1,2010-06-01,-0.22012027194268052,1.3409564016913629,-0.07833857113681164,5.621044433639798,-0.005853471257393647,0.9774946970459488,2.82250872728492
102,2010-07-01,2.854761904761905,1.602857142857143,0.4220571428571429,0.098264709807725,0.2746775813050413,-1,2010-07-01,-0.21603443172318165,1.3426634288804886,-0.08014364863091611,5.605013072654567,-0.009934773180772315,0.9770973903249525,2.4629477925853402
103,2010-08-01,2.5445454545454544,1.3054545454545456,0.3152545454545457,0.1028435914466134,0.3678353507286002,1,2010-08-01,-0.19693362358723834,1.3442240039634255,-0.083509447902378,5.467782076969283,-0.015937968490217738,0.9762930670141876,2.0779513570090264
104,2010-09-01,2.532380952380952,1.2604761904761903,0.2921761904761903,0.0951079384152856,0.3849804065499718,1,2010-09-01,-0.19539207734087205,1.3438895179883663,-0.08366790905702588,5.503433174501389,-0.01145003411752385,0.975062340383446,1.9860730410961915
105,2010-10-01,2.3995,1.0524999999999998,0.0157999999999998,0.0925545158306941,0.4092025252525254,1,2010-10-01,-0.17052065154660861,1.3443013081917106,-0.08389022919597726,5.308937895867538,-0.006530048724685572,0.9733708887508402,1.7278671375064283
106,2010-11-01,2.629,1.21,0.2655,0.0934902778352785,0.3494085858585858,1,2010-11-01,-0.13163375220994003,1.3435951917337763,-0.08530888662880214,5.0152721021445785,-0.0015161671324753628,0.9707984930397767,1.9388299355045249
107,2010-12-01,3.2063636363636365,1.7945454545454544,0.4967454545454546,0.088983616694815,0.3642585858585859,-1,2010-12-01,-0.09591498229057197,1.343988394951646,-0.08565002400042272,4.727165509313161,0.004317085839482121,0.9681081651354008,2.6897102206220165
108,2011-01-01,3.2535,1.8445,0.2936999999999998,0.0883118384641918,0.3012555555555555,1,2011-01-01,-0.04582400626843261,1.3483405373913682,-0.08963310971821763,4.265043764306538,-0.0033524405668257234,0.9668241482866622,2.7881662860150276
109,2011-02-01,3.4615789473684213,2.127894736842105,0.1329947368421056,0.0870193798958332,0.2798626984126984,1,2011-02-01,-0.0075267225205511434,1.352714096217323,-0.08979320539481118,3.8738072399053887,0.0005295592643571878,0.9658382321669358,3.1965903226676367
110,2011-03-01,3.35,2.013478260869565,-0.5057217391304349,0.0883995507701963,0.2494860636439584,1,2011-03-01,0.015960438586299586,1.356085838914613,-0.09016728703634973,3.624447915700961,0.0024678443090066227,0.9657714320097608,3.1148767641735815
111,2011-04-01,3.4254999999999995,2.109,-0.9082,0.0873553262257887,0.1165030753761875,1,2011-04-01,0.034795519051471935,1.3586127683013742,-0.09144282423319687,3.4377847885808106,0.0035053610576748703,0.9657284772176942,3.286972393125865
112,2011-05-01,3.1442857142857146,1.802380952380952,-1.6166190476190478,0.0896957623364634,-0.0374969246238124,1,2011-05-01,0.046403286090486995,1.3602282174818103,-0.09251076120807285,3.3236360482354463,0.0038474806609197706,0.9659121526778389,2.9495709245858532
113,2011-06-01,2.983181818181818,1.5399999999999998,-1.9223,0.0922274506294656,-0.3511834325603204,1,2011-06-01,0.05982180038313198,1.361633440650253,-0.09480395339419645,3.2105695418898366,0.003752427219600271,0.9658744558508721,2.6388340097308967
114,2011-07-01,2.9650000000000003,1.501,-2.0389,0.0948263016452405,-0.7543576749845627,1,2011-07-01,0.07797815962371432,1.3628048693843993,-0.09933118019524823,3.0867894679303762,0.0032003436823429127,0.9653538772711154,2.621983784753449
115,2011-08-01,2.2852173913043474,1.0013043478260868,-2.733695652173913,0.1004822592325636,-1.1431243416512296,1,2011-08-01,0.0908695801436124,1.3635856104911355,-0.10389857970262,3.0191448968899945,0.002556972667009369,0.9648336580604048,2.0461883490185535
116,2011-09-01,1.9709523809523808,0.8904761904761904,-2.91212380952381,0.1074254794008464,-1.6209060731538991,1,2011-09-01,0.09249784304942009,1.36249869380056,-0.10786756724487312,3.073095900296501,0.0015342163721362087,0.9645368496105883,1.9515572169891975
117,2011-10-01,2.1385,1.0415,-2.4608,0.0972807805795419,-2.021973084886129,1,2011-10-01,0.09197737153688833,1.3623674427377426,-0.10818925458706737,3.0843741922638532,0.0014506895630687355,0.9645484544044387,2.078616199421993
118,2011-11-01,1.9995,0.898,-2.5434,0.0979978586183651,-2.280739751552795,1,2011-11-01,0.0933860161200655,1.362197982727562,-0.10897740874688652,3.0842492110069153,0.0012790548793214646,0.9645311786559381,1.897341819019629
119,2011-12-01,1.977142857142857,0.8814285714285713,-2.1706714285714286,0.0974518666462301,-2.435203243616287,-1,2011-12-01,0.09526176558422902,1.3617469569629967,-0.11029550256660149,3.0908361487745086,0.0009729025353955312,0.9644864934367231,1.8351945862889012
120,2012-01-01,1.942,0.8049999999999999,-2.1738,0.0940437940361641,-2.4765984817115254,-1,2012-01-01,0.1005774447766137,1.3611764564447988,-0.11278775136413811,3.0791862909023493,-0.0023216094248413796,0.9643965558756045,1.7334024768954819
121,2012-02-01,1.9055,0.7410000000000001,-2.0672,0.0913379508245805,-2.4990818150448586,-1,2012-02-01,0.11100391034900968,1.3603689406404134,-0.11612864166551766,3.031794516033252,-0.006803421876591602,0.964190215557247,1.6428197437067837
122,2012-03-01,2.109090909090909,0.9372727272727274,-1.5656272727272726,0.0897067585140777,-2.3879992063492064,-1,2012-03-01,0.12643272819915166,1.359370772207209,-0.11987755200606572,2.9439519261214344,-0.011970378897706434,0.963855243605366,1.86428020746045
123,2012-04-01,1.9861904761904765,0.8147619047619048,-1.3784380952380952,0.0913459701999384,-2.163583116883117,-1,2012-04-01,0.1422819682667119,1.3590493256110139,-0.1226837745545708,2.8329330400924526,-0.016192995037137642,0.9635438913688202,1.6936655860763898
124,2012-05-01,1.7372727272727273,0.6718181818181819,-0.9760818181818182,0.0977062322821069,-1.9831894660894664,-1,2012-05-01,0.15791536013336516,1.3581672587884086,-0.12565907393636894,2.735710635790875,-0.020809369907380422,0.9631033274368903,1.4811157046410264
125,2012-06-01,1.571904761904762,0.6214285714285714,-0.9424714285714284,0.0945896663064439,-1.7219697691197693,-1,2012-06-01,0.16331339959624022,1.3566386559652899,-0.12782286185537445,2.7388232592956667,-0.024366066311967746,0.9628009542707239,1.4102672612155227
126,2012-07-01,1.4585714285714286,0.5195238095238095,-0.7979761904761905,0.0940716014381669,-1.5172697691197692,-1,2012-07-01,0.16898154875101362,1.3557189763238902,-0.12908629795776408,2.7166167351923303,-0.02652007582259421,0.9627465201451718,1.2583941908573928
127,2012-08-01,1.5869565217391306,0.6139130434782608,-0.9719869565217392,0.093023614915053,-1.2879658008658008,-1,2012-08-01,0.17621908391018393,1.3543981642975167,-0.13046878562673164,2.687614001244437,-0.029013220802915435,0.9626487401023336,1.4135405315928387
128,2012-09-01,1.6489473684210527,0.5589473684210526,-1.2807526315789477,0.0917401857255576,-1.105430293619424,1,2012-09-01,0.1831201479719636,1.3535348273926187,-0.13173357228569688,2.6523832951549595,-0.031174739345451747,0.9625670346516447,1.320548393948944
129,2012-10-01,1.6366666666666667,0.6085714285714287,-1.447128571428571,0.0942330902883883,-1.0579511867613698,1,2012-10-01,0.1955068569952278,1.3514115603919183,-0.13299163573979045,2.5903841234770475,-0.02951053832800858,0.9620515716874113,1.4249826793921645
130,2012-11-01,1.529,0.5750000000000001,-1.131,0.0945690371703985,-1.0693995994597827,1,2012-11-01,0.20065142429082813,1.3501114468492859,-0.13394403287791315,2.578094930759612,-0.02853658341896912,0.9618764387532234,1.34372757933094
131,2012-12-01,1.6800000000000002,0.6259999999999999,-1.0635,0.0945147635851232,-1.0952192964294796,-1,2012-12-01,0.20494041530887552,1.3488753298520897,-0.13454425148178617,2.5690268490633485,-0.02756999435037621,0.961783603270054,1.4628051428805955
132,2013-01-01,1.8633333333333333,0.7352380952380952,-0.8788619047619047,0.0909796382186678,-1.115390725000908,-1,2013-01-01,0.21139391653832182,1.3478680711892244,-0.13612534935784737,2.5442930326650313,-0.030261012072310634,0.96158794049547,1.5837731253612024
133,2013-02-01,1.907368421052632,0.7463157894736842,-1.171784210526316,0.0909859176072328,-1.1288716773818606,1,2013-02-01,0.2246013783692677,1.347116082787566,-0.13788227836942518,2.4543204677983566,-0.0335458239827674,0.9611959840203139,1.5813064337943326
134,2013-03-01,1.88,0.7285,-0.7002999999999999,0.0890427569273623,-1.1621712197159566,-1,2013-03-01,0.23768358598655623,1.3458957432152296,-0.13889075628434377,2.3694484398013516,-0.03188366720851874,0.9606434935816117,1.5582997202304452
135,2013-04-01,1.7100000000000002,0.6504545454545454,-0.4283454545454546,0.0887148625104363,-1.0654291144527988,-1,2013-04-01,0.25549937292169805,1.3451316459439244,-0.1406011794389972,2.2358046014068416,-0.035457268390785925,0.9601148191545539,1.4244786085818968
136,2013-05-01,1.9077272727272727,0.8009090909090909,-0.5494909090909091,0.0882193231821848,-0.8956319283056126,-1,2013-05-01,0.2715342808648296,1.3441832049635845,-0.14178277950496937,2.1160675351312137,-0.03836836984998383,0.959729557208775,1.6510575935781575
137,2013-06-01,2.2655,1.1535,-0.5123,0.0906064310335824,-0.7987137464874308,-1,2013-06-01,0.28625987957323823,1.3438339806609871,-0.14294624988423565,1.9987542761213524,-0.04100207943458723,0.9593957521769104,2.1317058109884353
138,2013-07-01,2.5613636363636365,1.3631818181818185,-0.4823181818181816,0.0877024625196345,-0.706847079820764,-1,2013-07-01,0.2925983166246965,1.3441061410496358,-0.14357931133353585,1.944896431153745,-0.04236464702744122,0.9593026477641445,2.4070471355844574
139,2013-08-01,2.7004545454545457,1.4804545454545457,-0.0183454545454544,0.0914824557551195,-0.6407564593301436,-1,2013-08-01,0.30207039945096903,1.3448587851475287,-0.14427075364460742,1.8549870791131147,-0.04390824948250506,0.9592102592645093,2.5093264363441206
140,2013-09-01,2.792,1.5759999999999998,0.5012999999999999,0.0899555700875847,-0.4485166666666666,-1,2013-09-01,0.3108311230857932,1.3457942812459178,-0.14487207624122378,1.7716633018191834,-0.04563381220502667,0.9590771111678236,2.5641833330330583
141,2013-10-01,2.5054545454545454,1.316818181818182,0.4900181818181819,0.08750367820735,-0.24825,-1,2013-10-01,0.32355508732771476,1.3471037594240973,-0.14516418354724264,1.6445770456783375,-0.047445657667605244,0.9588848737276827,2.217664919505889
142,2013-11-01,2.672631578947368,1.3010526315789472,0.1381526315789472,0.0866045920746122,-0.0951893939393939,-1,2013-11-01,0.3420560064258511,1.348046872144086,-0.1454287432616458,1.4681361902857537,-0.04963512642437522,0.9584685414876355,2.2526270356259155
143,2013-12-01,2.8847619047619046,1.5061904761904763,0.0633904761904764,0.0861498302578205,0.0194178628389154,-1,2013-12-01,0.36918836016450535,1.3495105785848969,-0.1462757032813326,1.2097284624690858,-0.0530072146765942,0.9575883280402984,2.5497609710376357
144,2014-01-01,2.841428571428571,1.6066666666666665,0.0888666666666664,0.0903955546939796,0.1153662755373282,1,2014-01-01,0.3912210424432111,1.3514508767860405,-0.1470610861031894,0.9894993607067231,-0.055707873345650166,0.9571080099773598,2.583221759529185
145,2014-02-01,2.662631578947368,1.4657894736842103,0.3952894736842105,0.0879931655517946,0.2105637502848029,-1,2014-02-01,0.40446622193025694,1.3527044551358842,-0.14683075364911446,0.8575463476428449,-0.053794101734011154,0.9568525841047704,2.4584578414140417
146,2014-03-01,2.6719047619047616,1.5895238095238096,0.0268238095238095,0.0886486435893347,0.279502904989747,1,2014-03-01,0.41623283877320816,1.3536387052264394,-0.1470914679620065,0.7418254632751375,-0.055301850977641134,0.9566829188458974,2.5743882068261543
147,2014-04-01,2.681904761904762,1.670952380952381,-0.3141476190476189,0.0892921056020327,0.200423539910382,1,2014-04-01,0.4218069121439584,1.35411831605875,-0.1470124530113307,0.6860165670199345,-0.05459524811836031,0.9566844466880862,2.7373183641661427
148,2014-05-01,2.532380952380952,1.562857142857143,-0.5741428571428568,0.0887076510953835,0.0663959064327485,1,2014-05-01,0.4189673483059698,1.3537945771883795,-0.146986358544289,0.7148610434559721,-0.0549524546227513,0.9567213222530245,2.62760723048356
149,2014-06-01,2.5742857142857143,1.6390476190476189,-0.3799523809523812,0.0883437841568745,-0.0523200083542187,1,2014-06-01,0.41415271157221534,1.3533323094117615,-0.14687041852155697,0.762329970235418,-0.055518276105604815,0.9566981740953506,2.6999614145437065
150,2014-07-01,2.5181818181818185,1.6695454545454544,-0.2746545454545455,0.0907267514984781,-0.126210484544695,1,2014-07-01,0.4075261118169474,1.3526412152848433,-0.1467993273905478,0.829358633864564,-0.05628623200414122,0.9566460707927938,2.7250999896376875
151,2014-08-01,2.39,1.6014285714285712,-0.0836714285714288,0.088690945535052,-0.1867973532315637,-1,2014-08-01,0.39880609899526676,1.3515621755910128,-0.14671747651024603,0.9173109784634617,-0.05755478083570599,0.9564424351305505,2.714424402770195
152,2014-09-01,2.5228571428571427,1.7538095238095237,0.0897095238095238,0.0910797083816123,-0.2666241702741703,-1,2014-09-01,0.3829864445582906,1.3496224880926326,-0.14574258648975905,1.0770055577870479,-0.05483960385251982,0.9558982716369973,2.8898256756710303
153,2014-10-01,2.283181818181818,1.5259090909090909,-0.063590909090909,0.090112998949395,-0.2561432178932179,-1,2014-10-01,0.36863662496901456,1.3470759968527415,-0.14477179116934863,1.2277559402946838,-0.051895168138366685,0.955214276588151,2.5958902424194723
154,2014-11-01,2.283888888888889,1.6005555555555555,0.3890555555555555,0.0891596292724895,-0.2143837662337663,-1,2014-11-01,0.3559188213932859,1.345626778512392,-0.14387372419342603,1.351577388320526,-0.04940336684194892,0.9547016698292016,2.6236038714673864
155,2014-12-01,2.182272727272728,1.61,0.9869,0.0905811877020736,-0.0538506974506975,-1,2014-12-01,0.3398095928937712,1.3438645768025252,-0.143441979072717,1.5146036672703125,-0.046998280787640664,0.954096113999448,2.5460615522658743
156,2015-01-01,1.8635,1.3445,1.6044,0.0941346771082612,0.1739580327080326,-1,2015-01-01,0.32351086915414745,1.3422140056993728,-0.14367846046473373,1.6798847413102114,-0.04481580958962322,0.9533993686081701,2.10055109513929
157,2015-02-01,1.957368421052632,1.4526315789473685,1.5596315789473685,0.0903126465708878,0.4871337902837902,-1,2015-02-01,0.3157761818136778,1.3420731614441914,-0.14430367520214554,1.748142131911479,-0.04366915989959799,0.9531338913056667,2.2418019709964074
158,2015-03-01,2.02,1.4890909090909092,1.5410909090909093,0.0927203947616024,0.7610176248702564,-1,2015-03-01,0.30204532945477786,1.341388143079639,-0.14505929441407273,1.8823181522199168,-0.042311890744730914,0.9527249178728251,2.292785831861827
159,2015-04-01,1.9190909090909087,1.3345454545454545,1.4585454545454546,0.0927433144118196,1.002914522417154,-1,2015-04-01,0.2918829204629312,1.3407411017285515,-0.14569862180526966,1.9803479244444855,-0.04099772132206571,0.9523421492163707,2.0933165524530364
160,2015-05-01,2.1845000000000003,1.5185,1.5035,0.0926023699284531,1.256603916356548,-1,2015-05-01,0.28566928000942177,1.3406122647950025,-0.14607162235097737,2.0363056991379263,-0.04015879557802247,0.9522037830421699,2.330495849112949
161,2015-06-01,2.359545454545455,1.6636363636363636,1.5040363636363636,0.0951308749555206,1.4423446570972889,-1,2015-06-01,0.2803472985814546,1.3402202666599468,-0.1463835535730784,2.088335146359712,-0.03946608589372801,0.9520916294122107,2.5279515174344374
162,2015-07-01,2.294545454545455,1.602272727272727,1.406572727272727,0.0939602418931291,1.5285340510366827,1,2015-07-01,0.27603426145774673,1.3395836601747702,-0.14668933864270553,2.132261684222311,-0.03865280436497033,0.951947799538787,2.3777784222034635
163,2015-08-01,2.1333333333333333,1.4714285714285713,1.3001285714285713,0.100209608839536,1.4955628389154705,1,2015-08-01,0.27297628373320953,1.3393807290196946,-0.1471078625320018,2.1624318964718494,-0.03941046742885633,0.9519133711902769,2.229806208332699
164,2015-09-01,2.1733333333333333,1.47,1.4812,0.1026382659933155,1.4523123376623377,-1,2015-09-01,0.2721067398108644,1.3393741846514833,-0.14751658272130086,2.166959758818648,-0.04024098544082436,0.9518660363628744,2.2851392064850176
165,2015-10-01,2.0585714285714283,1.3657142857142857,1.2581142857142855,0.0952962875179027,1.4423305194805194,1,2015-10-01,0.27288827494081647,1.3393247123023193,-0.14766117783738333,2.1539910903566097,-0.03967880231931672,0.9518003356752126,2.0818370823979677
166,2015-11-01,2.1942105263157896,1.5510526315789472,1.2347526315789472,0.0957233796796787,1.4089253246753246,1,2015-11-01,0.272217134258333,1.3393300419184873,-0.14776449832039834,2.1597163135649327,-0.039878615632775435,0.9518034050746479,2.333992646224686
167,2015-12-01,2.0727272727272728,1.4686363636363635,1.0599363636363637,0.0976882326553489,1.3641340966051494,1,2015-12-01,0.26847481471363294,1.339093483810532,-0.14833953302430775,2.1947745087140724,-0.04103776115512007,0.9517008808495202,2.2512516158071505
168,2016-01-01,1.8610526315789475,1.258421052631579,0.280921052631579,0.102618435544657,1.2901174299384823,1,2016-01-01,0.2654588820223206,1.3389864152831445,-0.14894709133413847,2.218577503348762,-0.04244177387337941,0.9515379334010773,2.093850381173164
169,2016-02-01,1.5285000000000002,0.912,0.3746999999999999,0.1027394538706295,1.102508817498291,1,2016-02-01,0.2675918084070156,1.339420964686559,-0.149095649690817,2.177267218122999,-0.04395676783776449,0.9512831627773898,1.6130120653446254
170,2016-03-01,1.6381818181818182,1.085909090909091,0.484309090909091,0.0967413501210436,0.948270722260196,1,2016-03-01,0.2684077028681919,1.3398955466734614,-0.14919580919464343,2.1578562641411416,-0.04452354746707497,0.9513644282197389,1.8153859520440963
171,2016-04-01,1.6185714285714283,1.028095238095238,0.0854952380952378,0.0968328187470764,0.782122237411711,1,2016-04-01,0.26547806355541403,1.3403924924531632,-0.1495165384318063,2.171622999187968,-0.04574409280738438,0.9512815244891122,1.795286533632682
172,2016-05-01,1.5847619047619046,1.0304761904761903,0.2219761904761903,0.0958341624497356,0.5866857294752031,1,2016-05-01,0.2631158026540432,1.3409406119802734,-0.14960919752021723,2.1779429423225345,-0.0468405773688089,0.9512044979899091,1.7735942567885328
173,2016-06-01,1.4254545454545458,0.8963636363636363,0.0870636363636363,0.0961722500718622,0.4178896559580769,1,2016-06-01,0.2596785020352629,1.3415025158942433,-0.14980348122342663,2.194906468953757,-0.04804175963642206,0.9511139338099226,1.6121574737380973
174,2016-07-01,1.2455,0.7714999999999999,0.2030999999999999,0.0935788006271424,0.2557442014126224,1,2016-07-01,0.25679720293442376,1.3423079164281657,-0.1499251421263441,2.202845118854008,-0.04918208906028774,0.9510832749046081,1.4188954792223183
175,2016-08-01,1.298695652173913,0.8330434782608696,0.0777434782608696,0.0943237316754923,0.2427740259740259,1,2016-08-01,0.25221572764677314,1.343215614519218,-0.15014847541443693,2.2280911333596007,-0.05027550107955513,0.9511548233013672,1.5193860396178882
176,2016-09-01,1.445714285714286,0.888095238095238,-0.3705047619047619,0.0949962822654233,0.1932812723508375,1,2016-09-01,0.24728712508344436,1.344217731465561,-0.15031767715441557,2.252727053768773,-0.051596963249510956,0.9511019880311632,1.6591776383626289
177,2016-10-01,1.5285,0.942,-0.4138999999999999,0.0971903864908061,0.050812296881862,1,2016-10-01,0.24373185238077386,1.3450041756129147,-0.15014969913846732,2.2651753206596896,-0.05270617014124308,0.9510030798340429,1.740319841024659
178,2016-11-01,1.8525000000000005,1.146,-0.0882999999999998,0.0945808381422916,-0.0324202428006775,1,2016-11-01,0.24221220275821567,1.3457234201842567,-0.14991506842316388,2.257793937018934,-0.05376364730035404,0.9508777281070473,1.95742913844662
179,2016-12-01,2.0809523809523807,1.4490476190476191,-0.091752380952381,0.0936011496631761,-0.0841329412133759,1,2016-12-01,0.2400639507858629,1.34583012109686,-0.14991450874794898,2.272297998128394,-0.05433544405665679,0.9508466305024059,2.362345157466262
180,2017-01-01,1.9465,1.4065,-0.5939000000000003,0.092760908956261,-0.1139356107660455,1,2017-01-01,0.233013229722922,1.3451684639913304,-0.1498663326373017,2.336935628187499,-0.05583506700669354,0.9504408322196758,2.3749394953162715
181,2017-02-01,1.9468421052631577,1.3815789473684212,-0.9088210526315788,0.0904907116835387,-0.2467689440993788,1,2017-02-01,0.2222782715417706,1.3441503039582832,-0.1491328166242601,2.4324159700968013,-0.05777342968477026,0.9495093345192067,2.377200699535466
182,2017-03-01,1.8330434782608696,1.2734782608695652,-0.4277217391304346,0.0914733497094926,-0.411196365914787,1,2017-03-01,0.20847047048009365,1.3429993931255333,-0.14804329649309467,2.559298103709945,-0.05950873735938047,0.9485717414253334,2.156671171321229
183,2017-04-01,1.5636842105263158,1.0242105263157897,-0.3519894736842104,0.0915843147029465,-0.4207325287857324,-1,2017-04-01,0.19865155488627714,1.3426762919722286,-0.14774221590314363,2.6445334468947506,-0.06104003299495257,0.9480625649915289,1.9290762678134021
184,2017-05-01,1.5972727272727274,0.946818181818182,-0.0194818181818181,0.0914826199518798,-0.4104141077331008,-1,2017-05-01,0.18901992088539368,1.3430942788635856,-0.14643447925120828,2.7094234856541197,-0.05833563354049986,0.9474772851357168,1.7697396064770305
185,2017-06-01,1.3650000000000002,0.7940909090909092,0.1334909090909091,0.0919399176127573,-0.3989444107634039,-1,2017-06-01,0.18414193197275952,1.3434669347849546,-0.14602233091268346,2.742238101687022,-0.05717028202670491,0.9474111828892235,1.540775585018987
186,2017-07-01,1.3685,0.8019999999999998,0.1468999999999998,0.0911752794929811,-0.3614038624228555,-1,2017-07-01,0.17947122141863023,1.344154624648691,-0.14570902502800484,2.769172147791879,-0.05604756570208363,0.9474235436916713,1.5446061848514532
187,2017-08-01,1.2460869565217392,0.7665217391304346,-0.1515782608695652,0.0920129369668691,-0.2379371957561888,-1,2017-08-01,0.17429199362744444,1.3447983066744031,-0.14541611450647857,2.8020977602333135,-0.05494645054538996,0.9474319288048318,1.5399267473112161
188,2017-09-01,1.2254999999999998,0.7675000000000001,-0.3831,0.0912434035923221,-0.1117300637958532,1,2017-09-01,0.16739634684549345,1.3459386246741998,-0.14464452002860206,2.8372950263138637,-0.05300723546310453,0.9472145193224262,1.4616947766392387
189,2017-10-01,1.383809523809524,0.910952380952381,-0.0398476190476189,0.0903365451192363,-0.1042931072741141,-1,2017-10-01,0.1604358767996808,1.3469462702159487,-0.14456202022691642,2.8818061438140186,-0.05418876417946643,0.9471596528383383,1.7077214158935987
190,2017-11-01,1.2866666666666668,0.8199999999999998,-0.1225,0.0890820585897596,-0.0522694648346822,1,2017-11-01,0.15039513439682797,1.347629388136153,-0.14384466491068348,2.9540483996491744,-0.052127861852307826,0.9467857411425211,1.4840970548822576
191,2017-12-01,1.2239999999999998,0.8619999999999999,0.0520999999999998,0.0893932872587904,-0.0694391618043792,-1,2017-12-01,0.14256700635593889,1.348318552823584,-0.14396585547637358,3.014840983572348,-0.053187698772680266,0.9467841046008002,1.6200112226762866
192,2018-01-01,1.3104761904761906,0.971904761904762,0.2306047619047619,0.0861745699081519,-0.0830043133195307,-1,2018-01-01,0.12882830361778566,1.3493035391524772,-0.14325949708471136,3.1172773808203615,-0.05076883396377738,0.9462230468175403,1.7265853878995931
193,2018-02-01,1.501578947368421,1.029473684210526,0.3359736842105261,0.0907001725483047,-0.069053519668737,-1,2018-02-01,0.10855285987406343,1.3496805689439864,-0.14282886943264006,3.29497116230206,-0.048394843084116804,0.9455437377719557,1.7972760422638816
194,2018-03-01,1.2361904761904765,0.9295238095238096,0.2985238095238096,0.093885371444686,0.0122051378446114,-1,2018-03-01,0.09949614845465732,1.3500149001327213,-0.14251556148943184,3.3659570774811924,-0.04672890826538221,0.9452142096621714,1.6745658917592534
195,2018-04-01,1.2404761904761905,0.9419047619047618,0.2309047619047617,0.0942677293048669,0.1258091060985797,-1,2018-04-01,0.09214376086404262,1.3511824351121708,-0.14193501720773172,3.400072213264358,-0.044239706529451014,0.9444753188779959,1.696812252890424
196,2018-05-01,1.3081818181818186,0.9568181818181818,0.034918181818182,0.0930464600752609,0.1709345029239765,1,2018-05-01,0.0854812159652931,1.3523296993732083,-0.1412221722863765,3.4261685466750427,-0.04162867945162085,0.9436584882415298,1.6516478140873336
197,2018-06-01,1.1404761904761906,0.8757142857142859,-0.031885714285714,0.0933382538846447,0.1971708665603402,1,2018-06-01,0.07718797385130295,1.3532858190970234,-0.1414735863551266,3.4814612272944405,-0.04349471231464273,0.9432573731718074,1.5482494842507326
198,2018-07-01,1.0285714285714287,0.8176190476190475,-0.0764809523809524,0.0910836685739394,0.1831732475127212,1,2018-07-01,0.06823938180919412,1.354750314584074,-0.14169804576883785,3.533520349791411,-0.04565411601166133,0.9427038608669833,1.4629381256999605
199,2018-08-01,0.983913043478261,0.7378260869565221,0.1249260869565218,0.0895673385395932,0.1319922951317688,1,2018-08-01,0.055094399944989506,1.3563719258504903,-0.1419634352190267,3.625468387342832,-0.047935522187396176,0.94210912774372,1.3149140862264521
200,2018-09-01,1.0036842105263155,0.7636842105263155,0.5615842105263154,0.0902659197556538,0.0968176955894348,-1,2018-09-01,0.042848409261904565,1.3578288160304837,-0.14243205042713888,3.716847835475426,-0.049765253539863955,0.9419287104267231,1.3850831880701215
201,2018-10-01,1.0131818181818175,0.7504545454545455,0.5084545454545455,0.0972981095644999,0.140661095756519,-1,2018-10-01,0.03069195004486143,1.3593047010808892,-0.14240742723324576,3.8021611773615036,-0.047840343345783194,0.9415617987895821,1.3961640761081064
202,2018-11-01,0.9245,0.617,0.7997000000000001,0.0960318255518575,0.1869193930148164,-1,2018-11-01,0.02961598260564753,1.3612663957696949,-0.14212537163698397,3.7668281393905128,-0.04582936916599843,0.9411835257444092,1.1634244410292294
203,2018-12-01,0.5089473684210528,0.3115789473684209,0.6791789473684209,0.105162347764999,0.3143830293784527,-1,2018-12-01,0.027396753388957362,1.3628028318404724,-0.14221993903246172,3.757902682356182,-0.04470908705452498,0.9412878546219094,0.7953235925211348
204,2019-01-01,0.3533333333333335,0.1661904761904757,0.985490476190476,0.097742172633938,0.4328938063208085,-1,2019-01-01,0.03575715391902602,1.3659048183519222,-0.1420987743974281,3.6173486891632685,-0.04331396756311316,0.9415868014219403,0.5196020248812514
205,2019-02-01,0.2910526315789474,0.0978947368421052,0.9677947368421054,0.0954282678488232,0.6098890444160466,-1,2019-02-01,0.0353599795104447,1.3677462027094247,-0.14229817776190168,3.5902785868999048,-0.0426334475265516,0.9422591787152006,0.41678722076041197
206,2019-03-01,0.1609523809523807,-0.0271428571428571,0.5197571428571428,0.0943731157172487,0.7503671527303105,1,2019-03-01,0.03395809616035836,1.369144303779205,-0.14246599362842713,3.5812073454139264,-0.04213852801073503,0.9430162579637371,0.21857905731778215
207,2019-04-01,0.1476190476190475,-0.0466666666666664,0.3415333333333334,0.0917229876099273,0.7433959747854484,1,2019-04-01,0.03300072572109783,1.369871382407159,-0.1426280938059557,3.579506749219522,-0.0425022901542094,0.943920625546903,0.206181909291674
208,2019-05-01,0.039090909090909,-0.1622727272727271,0.3942272727272728,0.098363006985171,0.7155757727652464,1,2019-05-01,0.03151321820377803,1.3705696616597427,-0.14276772335664892,3.5835252924085337,-0.04285224613740654,0.9447997321948124,0.06245828830793029
209,2019-06-01,-0.1074999999999999,-0.345,0.1753,0.0928180448716382,0.6479969848864585,1,2019-06-01,0.03155118410558992,1.3708911146279255,-0.14281627095415247,3.5781253337578356,-0.04298673649916082,0.945755484933003,-0.17731408145338787
210,2019-07-01,-0.0531818181818182,-0.2718181818181819,0.048381818181818,0.0924537746836869,0.5640171603250551,1,2019-07-01,0.03280969146517164,1.369913844136336,-0.14268742578057458,3.5804073807361485,-0.04260438247255264,0.9467898133284469,-0.058043481204634075
211,2019-08-01,-0.4049999999999998,-0.4631818181818181,-0.2599818181818181,0.0947415090080921,0.4078323839902788,1,2019-08-01,0.0328994255884452,1.3698515990945457,-0.14268071815159583,3.580475089109076,-0.04257936713773686,0.9477451293166499,-0.267856290424558
212,2019-09-01,-0.2524999999999999,-0.3249999999999999,-0.1515999999999999,0.0938271096214339,0.2032029581529582,1,2019-09-01,0.032073035971019535,1.3718070713314683,-0.142725427850726,3.5581692712626602,-0.04320314490575668,0.9489145789261835,-0.101477493988915
213,2019-10-01,0.01,-0.125,-0.2442000000000002,0.0927535961730996,0.091310101010101,1,2019-10-01,0.03043964439243561,1.3737072817819258,-0.14282211066595768,3.5445851851869765,-0.04389394877342569,0.949860093730063,0.17848246768888038
214,2019-11-01,0.2584210526315789,0.0994736842105261,-0.4227263157894736,0.0907296317392845,-0.0063121212121212,1,2019-11-01,0.027875566537487476,1.3754533852201223,-0.14287236888146668,3.5415804578534935,-0.04463008210526236,0.950521113348448,0.5017891009613817
215,2019-12-01,0.3395238095238093,0.1423809523809522,-0.6316190476190477,0.0893870083725181,-0.1424710526315789,1,2019-12-01,0.02227856501685861,1.3773633503140443,-0.14281145449392177,3.5637872286596797,-0.04562991327194603,0.9508605051547978,0.5815176710598631
216,2020-01-01,0.2542857142857144,0.0423809523809524,-0.9380190476190476,0.0905794984380358,-0.2769575605680869,1,2020-01-01,0.01578948301463419,1.3790611898165106,-0.14261065069139392,3.5973721365547062,-0.046548436424116775,0.9511383650448213,0.487306643772515
217,2020-02-01,-0.043157894736842,-0.1963157894736842,-1.0156157894736844,0.099008059528926,-0.4413577048682311,1,2020-02-01,0.011356123167919684,1.380861499485158,-0.14219006682349233,3.608278046960144,-0.04731246455347458,0.9514753260702656,0.1946178278318048
218,2020-03-01,0.5059090909090909,0.3018181818181818,-0.951081818181818,0.1118507458038217,-0.5672967000835422,1,2020-03-01,0.01529196006986371,1.383420666701681,-0.1416024571645976,3.523475929650146,-0.04799125232533433,0.9519928881433828,0.9136211510304291
219,2020-04-01,0.5490476190476191,0.2480952380952381,0.0428952380952381,0.0993341649899864,-0.700543669780512,-1,2020-04-01,0.04110947211815135,1.3868321589194998,-0.14020633614703937,3.1934047178208647,-0.04903970326677772,0.9517543223144246,0.745415636998526
220,2020-05-01,0.5760000000000001,0.2095,0.1131,0.095527889999648,-0.6526944634313055,-1,2020-05-01,0.04325681342227446,1.3883535606569557,-0.13980461741566044,3.1418503714545407,-0.04786707759720645,0.951956069183132,0.6663063964270645
221,2020-06-01,0.5986363636363636,0.1845454545454545,-0.3714545454545454,0.0944227028646311,-0.5633900774663932,-1,2020-06-01,0.04285719570869746,1.3890237685330393,-0.13966907884193547,3.1329895235512315,-0.047354915794797524,0.9522498047893201,0.6942561872974312
222,2020-07-01,0.5177272727272727,0.1486363636363636,-0.7354636363636364,0.0905424378190803,-0.5200293271056429,1,2020-07-01,0.04232941651846191,1.3896919107375192,-0.13939308670272876,3.1247007985553283,-0.046764515126400306,0.9525227038903218,0.5875602277657234
223,2020-08-01,0.5680952380952381,0.1666666666666666,-1.042433333333333,0.0861525883039522,-0.4862700918964077,1,2020-08-01,0.04079398558392536,1.3901343207451364,-0.13931949484156392,3.1317358936804283,-0.04701268944548296,0.9528425200209676,0.6405087881269323
224,2020-09-01,0.59,0.1595238095238095,-1.1019761904761904,0.0907031502446592,-0.4907396825396826,1,2020-09-01,0.038119244275939546,1.3905130191654242,-0.1391964699333077,3.150939897118592,-0.04724438556997614,0.9531302387686269,0.6518861632807645
225,2020-10-01,0.7004761904761905,0.2357142857142856,-0.8467857142857145,0.0939555309927409,-0.5158887445887447,1,2020-10-01,0.03699878044803158,1.3908729275829566,-0.13906238340693575,3.154900607069038,-0.04742714997316092,0.9534068494131114,0.7315966505494327
226,2020-11-01,0.7831578947368423,0.2978947368421053,-0.7797052631578947,0.0863489784866324,-0.6641689033189034,1,2020-11-01,0.03677663198526755,1.3910530649932407,-0.13901184961844693,3.1534921892335266,-0.04752592141526057,0.9536417804343215,0.7843271972942782
227,2020-12-01,0.8577272727272727,0.2959090909090909,-0.9360909090909092,0.0849324777310945,-0.8129697805118857,1,2020-12-01,0.036732693175239486,1.3910579225055264,-0.13901078913625067,3.1538310250948,-0.047529908480199966,0.953844398970523,0.7988188892280351
228,2021-01-01,1.0047368421052632,0.3652631578947368,-0.9495368421052632,0.0873000948911515,-0.9070758411179464,1,2021-01-01,0.03917547839854671,1.390835377907039,-0.13908600557661194,3.134194404601315,-0.04734266586957531,0.9540053415668184,0.905536490220278
229,2021-02-01,1.2221052631578946,0.5026315789473684,-1.1507684210526317,0.0865722054272668,-0.9427547087415508,1,2021-02-01,0.04234565528866155,1.390486323432785,-0.13923669767704133,3.1105435852687684,-0.04703832751219993,0.9540957821729039,1.12372547702095
230,2021-03-01,1.5865217391304347,0.7930434782608695,-1.8074565217391303,0.0847429944103316,-0.9608105566947674,1,2021-03-01,0.04567111021142131,1.3902767910872862,-0.13945060095086514,3.0838163555539606,-0.04676436685870969,0.9541313843199094,1.614839415832214
231,2021-04-01,1.6186363636363637,0.8418181818181818,-3.2687818181818185,0.0824694602289136,-1.078390611905257,1,2021-04-01,0.04460690357355255,1.3902500057288862,-0.13933028762415556,3.0934216754058883,-0.04681877992630522,0.9541419328682862,1.8786789824816832
232,2021-05-01,1.6135,0.7995,-4.0955,0.0838175152449385,-1.4820566292212745,1,2021-05-01,0.03542366667277755,1.389549558629735,-0.1371575915782406,3.177192320579733,-0.04680760200344553,0.9539209028249752,1.927594218868783
233,2021-06-01,1.491818181818182,0.7986363636363636,-4.442963636363636,0.0837964487030309,-2.034689085361625,1,2021-06-01,0.028312289188963675,1.3887232250948571,-0.13389174739469428,3.2354749763189865,-0.046443944783117086,0.9535984512510131,1.9569506887598331
234,2021-07-01,1.2690476190476192,0.7142857142857143,-4.457214285714286,0.0837393764541379,-2.619167873240414,1,2021-07-01,0.019463304256671858,1.3874590183275535,-0.1288733572430371,3.305354078612102,-0.045726017064016744,0.95289482922629,1.815983901595652
235,2021-08-01,1.241818181818182,0.7222727272727273,-4.4160272727272725,0.0832421192832715,-3.203780780508584,1,2021-08-01,0.00979079713606918,1.386387152122122,-0.12329112022815637,3.3773714365410554,-0.04491060208570539,0.9519474399620533,1.7918263298665786
236,2021-09-01,1.320952380952381,0.8238095238095238,-4.519790476190477,0.0886596830981441,-3.747990589121024,1,2021-09-01,-0.0006679028308482909,1.3853044035096311,-0.11802880569768896,3.4596097947391717,-0.044165727468452445,0.9509929419978308,1.9365867106405663
237,2021-10-01,1.5285,1.056,-5.1318,0.0846332832605239,-4.200046248196249,1,2021-10-01,0.0007140253252919393,1.3841127799304656,-0.11196264152629896,3.417196856858134,-0.04323030616408834,0.9497659160793391,2.282885288095883
238,2021-11-01,1.489,1.1525,-5.6599,0.0868100674687869,-4.510549278499279,1,2021-11-01,-0.006275421090269552,1.3807378647044728,-0.1040130192043684,3.4773945611136483,-0.04167063201576887,0.9478892293709017,2.4339304798265395
239,2021-12-01,1.4268181818181818,1.1695454545454544,-5.964954545454545,0.0848640225835497,-4.771282611832612,1,2021-12-01,-0.003661697816928468,1.3761403015904898,-0.09340232341909127,3.4406291098822814,-0.03922136094256551,0.9449658169254355,2.4157018158998667
240,2022-01-01,1.717,1.3885,-6.0568,0.09061687183461,-5.024947763347764,1,2022-01-01,-0.005911052172786285,1.3711271531393998,-0.08257361293943255,3.4593199803507257,-0.036525949680831026,0.9417815968339767,2.6749776644263417
241,2022-02-01,1.897894736842105,1.481578947368421,-6.143321052631579,0.0941956000896411,-5.291545382395382,1,2022-02-01,0.011610751128117741,1.3658020838761884,-0.0721226272223677,3.2822494952879886,-0.033918501413058785,0.9387647925194824,2.7534817784967824
242,2022-03-01,1.9543478260869565,1.6691304347826086,-6.406069565217392,0.0918480656263715,-5.579427679046101,1,2022-03-01,0.03739101890695862,1.3611960084824282,-0.0630368257004727,3.0205585565835107,-0.0316222756750244,0.9363548324011662,2.959033179835653
243,2022-04-01,2.4505,2.0175,-5.4503,0.1006352364340857,-5.893807527217253,-1,2022-04-01,0.057837627598897594,1.3543947547992254,-0.05277363911102641,2.8345346698357603,-0.028914956165179286,0.933038834525652,3.3921302334978765
244,2022-05-01,2.3404761904761906,1.894285714285714,-5.628014285714286,0.1005668966509965,-5.946890860550586,-1,2022-05-01,0.09882459276278557,1.347986731958292,-0.04280010815766154,2.429337501229595,-0.018883618420042443,0.9302460786015306,3.156370774136089
245,2022-06-01,2.1119047619047624,1.7,-5.743,0.1088016406638709,-5.941576574836301,-1,2022-06-01,0.13288919022442824,1.3435454047528226,-0.034628739801661174,2.083716348782176,-0.010703386487586786,0.9281354097373529,2.853204374898385
246,2022-07-01,1.0924999999999998,0.7334999999999998,-5.4497,0.0997442998195704,-5.904584150593877,-1,2022-07-01,0.18422586004876618,1.3417294620450948,-0.027333154617505052,1.5359420879281893,-0.003697108556220144,0.9263695967323667,1.4742404898578867
247,2022-08-01,0.7082608695652173,0.3973913043478259,-5.200008695652174,0.1037485712258487,-5.803400817260543,-1,2022-08-01,0.19851801782937384,1.3429863251278031,-0.02417768162167904,1.3547272381196005,-0.00026729439544680156,0.9260405562569584,0.9987515697177412
248,2022-09-01,0.9990476190476194,0.5666666666666664,-4.518233333333334,0.112992795446517,-5.646182091097309,-1,2022-09-01,0.21308524197192474,1.3447647896576975,-0.021968322507335804,1.1699290620141998,0.002165361224793952,0.9261043088427976,1.2044048237743263
249,2022-10-01,0.8060000000000005,0.4579999999999997,-3.5845,0.1041725727520708,-5.331542719116633,-1,2022-10-01,0.22857058115946782,1.3459969852535054,-0.020577989692740026,0.986665223114521,0.0036735404547778745,0.9261535762151082,1.0179089187412573
250,2022-11-01,0.1729999999999996,-0.0945,-3.0798999999999994,0.098972771575111,-5.020576052449966,-1,2022-11-01,0.23667935976089782,1.347162395131988,-0.01951387534111891,0.8802487247659876,0.005091544019675799,0.9262821054411089,0.25150241002990814
251,2022-12-01,-0.1004761904761903,-0.4857142857142857,-2.6806142857142854,0.1046575921596172,-4.595890338164251,-1,2022-12-01,0.23822311897344173,1.3478461556338093,-0.01920554243106912,0.8530215785307533,0.0055939504839455576,0.9269704931277774,-0.2812811283720853
252,2023-01-01,-0.8005,-0.8970000000000002,-2.7042,0.0987135195809585,-4.085492719116632,-1,2023-01-01,0.23115970581723613,1.3456752372232075,-0.019820972392276193,0.9585158687871761,0.004531783670898501,0.9277960760535554,-0.8322244171175042
253,2023-02-01,-0.763157894736842,-0.7078947368421051,-2.0442947368421045,0.1012242605735234,-3.627909385783299,-1,2023-02-01,0.23056160321870176,1.3452455785278996,-0.019914374076853977,0.970927977978929,0.0043481501764421615,0.9294508766087696,-0.5870864950038727
